City_ID,City,Lat,Lng,Max Temp,Humidity,Cloudiness,Wind Speed,Country,dt
0,zyryanka,65.75,150.85,-27.93,99,36,2.35,RU,1667766998
1,busselton,-33.65,115.3333,13.6,84,79,4.51,AU,1667766643
2,rikitea,-23.1203,-134.9692,22.15,73,56,6.16,PF,1667766999
3,banda aceh,5.5577,95.3222,25.47,80,100,2.06,ID,1667766999
4,vaini,-21.2,-175.2,26.09,69,20,2.57,TO,1667767000
5,ulladulla,-35.35,150.4667,16.44,76,98,1.68,AU,1667767000
6,anta,25.15,76.3,23.46,40,100,1.66,IN,1667767001
7,havelock,34.8791,-76.9013,27.99,74,75,3.09,US,1667766841
8,jamestown,42.097,-79.2353,21.8,63,75,6.17,US,1667766597
9,praia da vitoria,38.7333,-27.0667,18.2,82,40,5.0,PT,1667766773
10,ushuaia,-54.8,-68.3,9.79,81,75,3.6,AR,1667766644
11,hondo,32.45,130.2,17.02,56,100,0.89,JP,1667767002
12,punta arenas,-53.15,-70.9167,17.06,45,0,8.23,CL,1667766614
13,cabo san lucas,22.8909,-109.9124,28.67,61,40,5.14,MX,1667766668
14,nikolskoye,59.7035,30.7861,3.22,97,100,3.52,RU,1667766638
15,urumqi,43.801,87.6005,3.53,75,100,1.0,CN,1667767002
16,saint-philippe,-21.3585,55.7679,22.77,86,64,3.93,RE,1667766640
17,cidreira,-30.1811,-50.2056,17.63,79,2,6.54,BR,1667766705
18,albany,42.6001,-73.9662,22.91,79,100,0.45,US,1667766553
19,pala,9.3642,14.9046,24.36,27,46,1.1,TD,1667767003
20,sola,-13.8833,167.55,24.37,94,95,0.0,VU,1667767003
21,kapaa,22.0752,-159.319,27.99,75,40,5.14,US,1667766410
22,kyren,51.6828,102.1408,-2.64,79,42,1.07,RU,1667767004
23,pacific grove,36.6177,-121.9166,17.34,67,0,4.63,US,1667766690
24,ilulissat,69.2167,-51.1,-18.09,94,40,3.08,GL,1667766687
25,chokurdakh,70.6333,147.9167,-15.18,93,100,7.59,RU,1667766643
26,lesnoy,57.6198,63.0784,-8.8,98,74,2.1,RU,1667767005
27,qaanaaq,77.484,-69.3632,-16.37,91,100,1.28,GL,1667766659
28,port elizabeth,-33.918,25.5701,21.17,86,0,7.2,ZA,1667766651
29,mataura,-46.1927,168.8643,14.3,48,2,2.3,NZ,1667766685
30,hermanus,-34.4187,19.2345,21.0,81,100,4.81,ZA,1667766661
31,tuktoyaktuk,69.4541,-133.0374,-14.0,85,100,4.63,CA,1667766700
32,magadan,59.5667,150.8,-4.15,76,100,5.95,RU,1667767005
33,grindavik,63.8424,-22.4338,5.97,75,0,2.57,IS,1667767006
34,ancud,-41.8697,-73.8203,12.83,69,92,2.9,CL,1667766672
35,kismayo,-0.3582,42.5454,25.63,84,72,4.9,SO,1667767006
36,sambava,-14.2667,50.1667,23.05,84,57,1.7,MG,1667767007
37,khatanga,71.9667,102.5,-27.31,98,39,2.37,RU,1667766644
38,bredasdorp,-34.5322,20.0403,18.19,89,100,2.1,ZA,1667766652
39,komsomolskiy,40.4272,71.7189,10.4,87,87,4.12,UZ,1667766650
40,sangar,63.9242,127.4739,-32.56,99,100,1.69,RU,1667766796
41,bambous virieux,-20.3428,57.7575,23.14,73,40,3.6,MU,1667766673
42,boone,39.0334,-92.3335,21.48,42,20,2.96,US,1667767008
43,troitsko-pechorsk,62.7084,56.1964,-0.87,93,100,2.21,RU,1667767008
44,namibe,-15.1961,12.1522,20.8,67,0,3.3,AO,1667767008
45,east london,-33.0153,27.9116,19.68,76,71,7.54,ZA,1667766691
46,naze,28.3667,129.4833,18.51,69,100,2.65,JP,1667766649
47,narsaq,60.9167,-46.05,2.12,92,100,1.4,GL,1667766710
48,atuona,-9.8,-139.0333,24.91,69,53,5.2,PF,1667766656
49,copacabana,6.3463,-75.5089,25.19,53,40,6.17,CO,1667767009
50,tasiilaq,65.6145,-37.6368,-0.91,82,84,2.3,GL,1667766673
51,longyearbyen,78.2186,15.6401,-0.09,74,75,6.17,SJ,1667766679
52,cape town,-33.9258,18.4232,21.18,68,0,4.63,ZA,1667766362
53,hobart,-42.8794,147.3294,12.25,93,24,1.23,AU,1667766604
54,anadyr,64.75,177.4833,-0.72,74,0,3.0,RU,1667767010
55,san cristobal,7.7669,-72.225,27.1,86,74,1.11,VE,1667766776
56,cayenne,4.9333,-52.3333,26.02,89,0,2.06,GF,1667767011
57,hasaki,35.7333,140.8333,9.56,54,100,3.91,JP,1667766636
58,kloulklubed,7.0419,134.2556,28.52,73,56,1.39,PW,1667767011
59,tiksi,71.6872,128.8694,-16.82,92,100,9.86,RU,1667766721
60,lavrentiya,65.5833,-171.0,1.26,98,100,6.1,RU,1667766761
61,thompson,55.7435,-97.8558,-3.91,93,100,6.69,CA,1667766747
62,ziarat,30.3823,67.7282,7.3,68,32,0.34,PK,1667767012
63,lebu,-37.6167,-73.65,13.36,72,28,5.57,CL,1667766665
64,alofi,-19.0595,-169.9187,25.94,61,40,5.98,NU,1667766748
65,lakhipur,26.0299,90.3041,19.93,90,0,2.28,IN,1667767013
66,lerwick,60.1545,-1.1494,10.0,83,97,9.4,GB,1667767013
67,kota tinggi,1.7381,103.8999,26.19,74,100,0.95,MY,1667767013
68,port alfred,-33.5906,26.891,18.99,86,26,3.58,ZA,1667766671
69,salalah,17.0151,54.0924,27.05,74,40,1.54,OM,1667766804
70,vestmannaeyjar,63.4427,-20.2734,5.54,70,27,5.21,IS,1667767014
71,chiredzi,-21.05,31.6667,24.07,75,76,3.03,ZW,1667767015
72,mar del plata,-38.0023,-57.5575,23.79,81,0,12.07,AR,1667766460
73,kahului,20.8947,-156.47,31.01,61,20,9.26,US,1667766623
74,nishihara,26.1842,127.7558,22.6,83,75,8.23,JP,1667767016
75,puerto ayora,-0.7393,-90.3518,23.98,69,91,5.38,EC,1667766653
76,vao,-22.6667,167.4833,23.94,83,78,7.73,NC,1667766664
77,rio gallegos,-51.6226,-69.2181,23.03,31,0,6.17,AR,1667766782
78,tabuk,17.4189,121.4443,22.16,94,7,0.64,PH,1667766722
79,sitka,57.0531,-135.33,0.94,32,0,4.63,US,1667766605
80,were ilu,10.6,39.4333,7.13,63,8,2.55,ET,1667767017
81,phalodi,27.1333,72.3667,24.73,28,100,3.79,IN,1667767017
82,lasa,46.6166,10.7002,7.49,59,95,0.97,IT,1667766824
83,nome,64.5011,-165.4064,1.04,86,100,10.29,US,1667766640
84,airai,-8.9266,125.4092,15.49,75,96,1.17,TL,1667766725
85,torbay,47.6666,-52.7314,9.1,90,100,4.63,CA,1667766641
86,arraial do cabo,-22.9661,-42.0278,22.98,64,20,6.17,BR,1667766662
87,kutahya,39.4242,29.9833,11.62,38,100,0.51,TR,1667767018
88,barrow,71.2906,-156.7887,-8.99,79,100,10.29,US,1667766663
89,ribeira grande,38.5167,-28.7,19.22,72,40,6.69,PT,1667766744
90,codrington,-38.2667,141.9667,14.36,80,3,1.05,AU,1667766786
91,clarence town,-32.5833,151.7833,18.25,83,9,1.1,AU,1667767019
92,victoria,22.2855,114.1577,21.25,91,100,2.24,HK,1667766381
93,avarua,-21.2078,-159.775,25.03,61,20,2.57,CK,1667766660
94,castro,-24.7911,-50.0119,13.68,76,94,1.69,BR,1667766648
95,bluff,-46.6,168.3333,12.2,62,19,6.09,NZ,1667766647
96,yellowknife,62.456,-114.3525,-16.71,71,40,5.14,CA,1667766609
97,yenagoa,4.9247,6.2642,24.73,89,85,1.54,NG,1667767020
98,gazanjyk,39.2446,55.5154,8.83,62,99,4.68,TM,1667766933
99,ponta do sol,32.6667,-17.1,21.51,89,72,1.91,PT,1667766751
100,sembakung,3.8167,117.25,22.94,99,95,0.79,ID,1667767020
101,taoudenni,22.6783,-3.9836,26.74,12,0,4.99,ML,1667766735
102,paracuru,-3.41,-39.0306,27.28,77,31,5.09,BR,1667766657
103,lagoa,39.05,-27.9833,17.92,77,46,10.84,PT,1667766697
104,carnarvon,-24.8667,113.6333,19.17,75,100,7.63,AU,1667766703
105,faya,18.3851,42.4509,16.06,79,26,1.34,SA,1667766777
106,henties bay,-22.116,14.2845,21.54,58,100,9.76,NA,1667767021
107,shipitsyno,61.2806,46.5208,-2.46,91,100,3.1,RU,1667767022
108,hamilton,39.1834,-84.5333,23.15,40,0,5.66,US,1667766637
109,moron,-34.6534,-58.6198,26.0,66,4,5.54,AR,1667766820
110,sinnamary,5.3833,-52.95,26.28,85,61,3.03,GF,1667767022
111,kongoussi,13.3258,-1.5347,27.32,16,1,3.59,BF,1667767023
112,blythe,33.6103,-114.5964,26.69,20,0,1.54,US,1667766737
113,guerrero negro,27.9769,-114.0611,21.49,55,0,5.07,MX,1667766709
114,poltavka,54.3663,71.7632,-2.08,89,93,2.91,RU,1667767023
115,saint-jean-de-luz,43.3891,-1.6581,13.99,88,0,1.54,FR,1667767024
116,margate,51.3813,1.3862,11.73,92,1,2.24,GB,1667767024
117,lake charles,30.2131,-93.2044,30.12,70,75,6.69,US,1667766949
118,balakhninskiy,58.0106,114.2769,-6.91,97,100,1.51,RU,1667767025
119,kaka,37.3482,59.6143,11.4,87,100,2.94,TM,1667767025
120,voyvozh,62.892,54.9635,-1.65,92,100,2.02,RU,1667767026
121,poum,-20.2333,164.0167,25.82,78,1,2.93,NC,1667767026
122,ahipara,-35.1667,173.1667,17.49,61,42,5.93,NZ,1667766724
123,pochutla,15.7432,-96.4661,31.9,73,93,1.95,MX,1667767028
124,romitan,39.9343,64.3814,12.97,82,75,1.03,UZ,1667767028
125,kodiak,57.79,-152.4072,1.73,38,0,3.09,US,1667767028
126,kisangani,0.5167,25.2,20.46,98,100,0.79,CD,1667766770
127,pokhara,28.2333,83.9833,15.59,53,70,2.2,NP,1667767029
128,adrar,20.5022,-10.0711,25.27,15,80,3.39,MR,1667766781
129,yulara,-25.2406,130.9889,25.44,21,99,1.8,AU,1667766739
130,souillac,-20.5167,57.5167,23.21,73,40,3.6,MU,1667766706
131,pevek,69.7008,170.3133,-8.26,79,68,9.07,RU,1667766741
132,half moon bay,37.4636,-122.4286,18.03,59,40,5.14,US,1667767030
133,chuy,-33.6971,-53.4616,17.49,72,15,5.12,UY,1667766711
134,bathsheba,13.2167,-59.5167,28.34,83,75,6.17,BB,1667767030
135,talnakh,69.4865,88.3972,-5.21,96,100,3.56,RU,1667766657
136,butaritari,3.0707,172.7902,26.1,75,43,2.72,KI,1667766643
137,hurghada,27.2574,33.8129,22.02,56,0,0.0,EG,1667766974
138,normandin,48.8333,-72.5321,20.17,42,100,6.69,CA,1667767002
139,acapulco,16.8634,-99.8901,29.9,74,0,1.54,MX,1667766712
140,marovoay,-16.1,46.6333,25.4,76,0,0.85,MG,1667767031
141,kununurra,-15.7667,128.7333,24.99,78,11,0.0,AU,1667766974
142,new norfolk,-42.7826,147.0587,12.06,68,27,1.15,AU,1667766642
143,mehamn,71.0357,27.8492,1.97,75,0,5.66,NO,1667766682
144,upernavik,72.7868,-56.1549,-10.75,84,87,2.64,GL,1667766653
145,san matias,-16.3667,-58.4,33.85,23,0,2.12,BO,1667767032
146,naustdal,61.509,5.7168,7.92,96,58,2.61,NO,1667767032
147,tecoanapa,16.5167,-98.75,29.86,68,11,3.93,MX,1667767033
148,rundu,-17.9333,19.7667,23.79,58,60,2.28,NA,1667767033
149,bengkulu,-3.8004,102.2655,24.39,86,100,2.25,ID,1667766701
150,mahebourg,-20.4081,57.7,23.16,73,40,3.6,MU,1667766767
151,nanortalik,60.1432,-45.2371,-0.3,92,85,1.67,GL,1667766720
152,marienburg,54.0359,19.0266,6.6,86,18,4.79,PL,1667766818
153,shirokiy,49.758,129.523,-9.59,93,10,1.48,RU,1667767034
154,usinsk,65.9939,57.5281,-0.11,99,100,3.81,RU,1667767034
155,santa cruz,-17.8,-63.1667,33.7,29,20,2.06,BO,1667767035
156,niksic,42.7731,18.9445,7.04,88,14,1.88,ME,1667767035
157,zhigansk,66.7697,123.3711,-30.64,99,44,1.65,RU,1667767035
158,civita castellana,42.2952,12.4092,14.38,68,14,1.34,IT,1667767036
159,pekan,3.4836,103.3996,26.09,92,100,2.0,MY,1667767036
160,catuday,16.2923,119.8062,25.33,81,11,3.68,PH,1667767036
161,zhangye,38.9342,100.4517,2.86,36,43,0.83,CN,1667767037
162,carballo,43.213,-8.691,16.12,92,40,3.44,ES,1667767037
163,serrana,-21.2114,-47.5956,25.97,63,63,1.69,BR,1667767038
164,korla,41.7597,86.1469,9.83,37,100,1.68,CN,1667766715
165,saldanha,-33.0117,17.9442,17.03,91,100,3.34,ZA,1667766794
166,teya,60.3778,92.6267,-3.51,96,100,0.59,RU,1667767039
167,port hardy,50.6996,-127.4199,4.1,93,75,9.77,CA,1667766621
168,dingle,10.9995,122.6711,24.26,93,70,2.65,PH,1667766664
169,sao filipe,14.8961,-24.4956,26.16,68,0,2.69,CV,1667766756
170,port augusta,-32.5,137.7667,20.6,38,0,1.41,AU,1667767039
171,rudnichnyy,59.617,52.4703,-5.11,97,23,2.06,RU,1667767040
172,kangaatsiaq,68.3065,-53.4641,-4.0,69,100,5.67,GL,1667767040
173,port-gentil,-0.7193,8.7815,24.98,94,20,1.03,GA,1667766735
174,iqaluit,63.7506,-68.5145,-11.15,67,20,3.09,CA,1667766510
175,clyde river,70.4692,-68.5914,-18.87,65,0,3.09,CA,1667766749
176,mount vernon,40.9126,-73.8371,23.21,74,100,4.12,US,1667767041
177,barahona,18.2085,-71.1008,30.9,79,20,5.14,DO,1667767041
178,victor harbor,-35.5667,138.6167,18.16,63,0,2.84,AU,1667766737
179,tommot,58.9564,126.2925,-12.31,95,100,2.35,RU,1667766720
180,kamenka,51.3223,42.7678,-0.21,77,8,2.02,RU,1667766692
181,bethel,41.3712,-73.414,22.33,81,100,0.89,US,1667766668
182,alice springs,-23.7,133.8833,15.75,27,2,0.0,AU,1667766649
183,itarema,-2.9248,-39.9167,26.31,77,91,6.55,BR,1667766700
184,lethbridge,49.7,-112.8186,-7.73,73,100,3.6,CA,1667767043
185,nynashamn,58.9034,17.9479,10.06,90,100,6.65,SE,1667767043
186,moussoro,13.6408,16.4901,28.11,17,10,4.42,TD,1667767043
187,berlevag,70.8578,29.0864,3.0,75,0,5.14,NO,1667767044
188,deputatskiy,69.3,139.9,-20.01,88,100,9.68,RU,1667766673
189,kavieng,-2.5744,150.7967,28.65,70,100,2.64,PG,1667766713
190,port blair,11.6667,92.75,26.94,75,99,5.04,IN,1667766698
191,bitung,1.4451,125.1824,23.47,80,100,1.81,ID,1667766992
192,vila,42.0304,-8.1588,9.49,91,53,2.4,PT,1667767045
193,bacolod,10.6667,122.95,25.39,87,91,2.54,PH,1667767045
194,berbera,10.4396,45.0143,26.09,67,5,1.31,SO,1667767045
195,olafsvik,64.8945,-23.7142,5.6,64,1,4.29,IS,1667766752
196,tambacounda,13.7539,-13.7586,28.03,54,0,1.03,SN,1667767046
197,channel-port aux basques,47.5702,-59.1367,12.11,91,100,2.68,CA,1667767046
198,kedrovyy,56.1667,91.8167,-1.74,72,89,5.58,RU,1667767046
199,rio grande,-32.035,-52.0986,22.06,77,5,6.41,BR,1667766790
200,cherskiy,68.75,161.3,-15.92,94,100,1.54,RU,1667766648
201,ipaussu,-23.0553,-49.6284,19.35,58,94,3.24,BR,1667767047
202,marathon,44.9,-89.7668,12.74,33,0,9.26,US,1667767047
203,torrelodones,40.5765,-3.9266,13.6,76,100,0.88,ES,1667767048
204,fort nelson,58.8053,-122.7002,-12.25,65,75,5.66,CA,1667767048
205,surt,31.2089,16.5887,21.39,55,45,8.45,LY,1667766687
206,chinhoyi,-17.3667,30.2,20.3,76,80,2.38,ZW,1667767048
207,sjovegan,68.8726,17.8474,5.12,88,100,2.02,NO,1667767049
208,anchorage,61.2181,-149.9003,-7.4,68,0,1.54,US,1667766899
209,krasnyy yar,46.5331,48.3456,3.96,64,100,2.33,RU,1667767049
210,pangnirtung,66.1451,-65.7125,-10.0,62,20,0.0,CA,1667767050
211,cascais,38.6979,-9.4215,18.06,97,100,6.26,PT,1667767050
212,gat,31.61,34.7642,21.38,100,4,1.6,IL,1667766936
213,muros,42.7762,-9.0603,16.72,73,28,5.71,ES,1667766950
214,skjervoy,70.0311,20.9714,3.0,77,100,7.91,NO,1667767051
215,butterworth,5.3991,100.3638,27.41,94,20,1.03,MY,1667767051
216,prachuap khiri khan,12.2167,99.75,20.95,93,96,1.08,TH,1667767051
217,birjand,32.8663,59.2211,7.26,33,0,3.09,IR,1667767052
218,sioux lookout,50.1001,-91.917,2.04,93,75,3.09,CA,1667767052
219,batagay,67.6333,134.6333,-19.8,98,100,1.24,RU,1667767052
220,carsamba,41.1989,36.7219,15.44,88,75,1.03,TR,1667767053
221,meulaboh,4.1363,96.1285,24.47,88,100,1.79,ID,1667766777
222,pemangkat,1.1667,108.9667,24.56,90,100,2.34,ID,1667767053
223,lushoto,-4.7833,38.2833,14.95,90,41,1.06,TZ,1667767053
224,kuldiga,56.974,21.9572,7.83,82,98,4.46,LV,1667767054
225,hithadhoo,-0.6,73.0833,27.43,76,86,4.93,MV,1667766736
226,kavaratti,10.5669,72.642,27.49,75,0,2.73,IN,1667766667
227,saskylakh,71.9167,114.0833,-31.3,100,48,1.23,RU,1667766688
228,areia branca,-4.9561,-37.1369,25.11,78,93,7.18,BR,1667767056
229,maridi,4.9158,29.4742,19.6,92,100,1.36,SS,1667767056
230,hilo,19.7297,-155.09,26.45,88,100,2.68,US,1667766524
231,saint george,37.1041,-113.5841,18.57,29,0,1.54,US,1667766664
232,beidao,34.5686,105.8933,10.68,72,86,1.56,CN,1667766821
233,bocana de paiwas,12.7857,-85.1227,28.44,75,59,0.44,NI,1667767057
234,hervey bay,-25.2986,152.8535,21.76,56,5,6.46,AU,1667767057
235,bereda,43.2686,-7.5406,12.3,93,14,3.43,ES,1667766812
236,kodinsk,58.6881,99.1844,-2.27,96,100,2.15,RU,1667767057
237,gorontalo,0.5412,123.0595,23.94,93,100,1.24,ID,1667767058
238,san policarpo,12.1791,125.5072,27.42,80,94,2.41,PH,1667767058
239,araouane,18.9048,-3.5265,26.47,16,0,3.95,ML,1667766714
240,bonthe,7.5264,-12.505,26.12,80,27,1.08,SL,1667767059
241,hailun,47.45,126.9333,-2.3,61,16,1.53,CN,1667767059
242,shakawe,-18.3667,21.85,25.4,52,99,1.01,BW,1667766659
243,dillon,34.4166,-79.3712,28.26,50,100,3.89,US,1667767059
244,tandalti,13.0167,31.8667,29.16,19,3,5.54,SD,1667767060
245,san quintin,30.4833,-115.95,19.43,65,5,5.08,MX,1667767060
246,paamiut,61.994,-49.6678,-4.9,75,7,8.81,GL,1667767060
247,ligayan,4.6533,119.4706,27.92,77,100,2.4,PH,1667767061
248,georgetown,5.4112,100.3354,27.91,93,20,1.03,MY,1667766639
249,labuhan,-6.8844,112.2051,25.77,82,100,1.76,ID,1667766754
250,fortuna,40.5982,-124.1573,13.85,80,100,3.58,US,1667767062
251,los llanos de aridane,28.6585,-17.9182,19.51,85,75,3.09,ES,1667766800
252,college,64.8569,-147.8028,-12.66,84,75,0.0,US,1667767046
253,husavik,66.0449,-17.3389,3.67,86,100,3.44,IS,1667766692
254,teguise,29.0605,-13.564,20.12,78,20,4.63,ES,1667767063
255,riyadh,24.6877,46.7219,27.08,29,28,2.04,SA,1667766822
256,novouzensk,50.4592,48.1431,2.98,68,100,2.21,RU,1667767063
257,hovd,48.0056,91.6419,-0.6,66,100,2.06,MN,1667766766
258,artigas,-30.4,-56.4667,23.91,39,0,6.79,UY,1667766806
259,severo-kurilsk,50.6789,156.125,2.39,89,57,10.4,RU,1667766630
260,dikson,73.5069,80.5464,-13.39,93,100,3.61,RU,1667766638
261,conceicao do araguaia,-8.2578,-49.2647,25.08,86,100,1.37,BR,1667767064
262,tarogong,-7.1902,107.8874,20.12,97,96,0.73,ID,1667767064
263,yar-sale,66.8333,70.8333,-4.2,97,100,3.11,RU,1667766669
264,port lincoln,-34.7333,135.8667,18.07,71,5,5.08,AU,1667766739
265,la ronge,55.1001,-105.2842,-7.86,67,100,7.2,CA,1667766622
266,havoysund,70.9963,24.6622,2.13,65,100,10.27,NO,1667766721
267,ban nahin,18.2418,104.2122,17.78,87,66,1.66,LA,1667766785
268,malakal,9.5334,31.6605,25.14,61,16,2.13,SS,1667766678
269,yangjiang,21.85,111.9667,18.48,92,89,2.4,CN,1667767065
270,plettenberg bay,-34.0527,23.3716,17.95,90,75,2.56,ZA,1667767066
271,bara,10.3744,10.7288,25.31,25,100,2.79,NG,1667767066
272,provideniya,64.3833,-173.3,1.99,99,100,4.95,RU,1667766686
273,alta floresta,-9.8756,-56.0861,33.9,43,20,2.57,BR,1667767067
274,nha trang,12.25,109.1833,24.0,92,100,2.67,VN,1667767067
275,aleksandrov gay,50.147,48.5704,3.08,72,100,2.55,RU,1667767067
276,kaitangata,-46.2817,169.8464,13.86,52,1,3.16,NZ,1667766677
277,bay roberts,47.5999,-53.2648,9.52,95,100,0.89,CA,1667767068
278,okato,-39.2,173.8833,14.39,100,95,4.16,NZ,1667767068
279,sorland,67.667,12.6934,6.92,67,90,10.46,NO,1667766732
280,pingliang,35.5392,106.6861,6.02,57,31,0.53,CN,1667767069
281,manacapuru,-3.2997,-60.6206,30.04,61,100,1.77,BR,1667767069
282,veraval,20.9,70.3667,25.73,57,29,3.01,IN,1667767069
283,kathu,7.9178,98.3332,28.16,99,100,3.72,TH,1667767070
284,haines junction,60.7522,-137.5108,-11.03,52,5,2.06,CA,1667766649
285,vire,48.9167,-0.8333,11.66,92,56,6.46,FR,1667767070
286,maniwaki,46.3834,-75.966,16.21,44,100,5.66,CA,1667767070
287,pombas,17.1503,-25.0201,24.88,69,0,4.03,CV,1667767071
288,monroe,43.1501,-77.6831,23.58,71,75,4.63,US,1667766894
289,matagami,49.7502,-77.6328,10.06,76,100,2.57,CA,1667767071
290,natal,-5.795,-35.2094,26.12,73,40,5.14,BR,1667767072
291,klaksvik,62.2266,-6.589,8.51,86,100,10.61,FO,1667767072
292,srednekolymsk,67.45,153.6833,-25.28,99,66,3.38,RU,1667767073
293,hay river,60.8156,-115.7999,-12.01,79,75,8.23,CA,1667767073
294,asau,46.4333,26.4,11.51,93,100,1.84,RO,1667767073
295,sampit,-2.5333,112.95,22.94,97,100,1.9,ID,1667767074
296,roald,62.5833,6.1333,9.86,87,20,5.14,NO,1667766749
297,kanniyakumari,8.0833,77.5667,25.84,78,98,5.62,IN,1667767074
298,mikuni,36.2171,136.1519,5.95,61,91,2.3,JP,1667767075
299,lompoc,34.6391,-120.4579,24.45,80,100,3.09,US,1667766746
300,ozinki,51.1786,49.6769,0.3,88,88,2.73,RU,1667767075
301,kenai,60.5544,-151.2583,-7.14,81,0,1.54,US,1667767076
302,zhenjiang,32.2092,119.4342,11.56,88,0,2.42,CN,1667767076
303,aswan,24.0934,32.907,22.61,28,0,2.57,EG,1667767076
304,port pirie,-33.1833,138.0167,20.08,46,0,3.52,AU,1667767077
305,havre-saint-pierre,50.2334,-63.5986,7.2,100,100,5.14,CA,1667766812
306,camacha,33.0833,-16.3333,18.68,77,40,2.06,PT,1667766765
307,kalang,5.9197,121.3631,26.83,81,100,1.57,PH,1667767077
308,yakima,46.4665,-120.6678,6.96,78,100,1.54,US,1667767078
309,huarmey,-10.0681,-78.1522,20.53,72,15,4.85,PE,1667766763
310,te anau,-45.4167,167.7167,12.33,61,51,2.2,NZ,1667766635
311,comodoro rivadavia,-45.8667,-67.5,26.92,17,0,5.66,AR,1667767078
312,klichka,50.4457,117.996,-11.24,93,5,1.71,RU,1667767079
313,touros,-5.1989,-35.4608,26.07,74,85,5.19,BR,1667766689
314,tuni,17.35,82.55,21.39,84,8,1.75,IN,1667767079
315,akyab,20.15,92.9,23.59,86,0,3.26,MM,1667767079
316,lorengau,-2.0226,147.2712,27.6,77,98,1.5,PG,1667766819
317,nadvoitsy,63.8667,34.3167,2.54,98,100,5.48,RU,1667767080
318,namatanai,-3.6667,152.4333,27.48,79,97,1.87,PG,1667767080
319,inhambane,-23.865,35.3833,24.33,89,41,2.37,MZ,1667766682
320,lamar,33.6668,-95.5836,27.02,43,0,7.2,US,1667767081
321,burnie,-41.0667,145.9167,13.3,91,46,0.87,AU,1667766665
322,katherine,-14.4667,132.2667,26.18,69,7,3.09,AU,1667767081
323,luderitz,-26.6481,15.1594,18.26,74,93,2.73,NA,1667766703
324,saint-francois,46.4154,3.9054,11.69,71,0,2.06,FR,1667767082
325,tacuarembo,-31.7333,-55.9833,21.64,54,0,6.12,UY,1667767082
326,nador,35.174,-2.9287,18.14,72,0,0.0,MA,1667766705
327,iquitos,-3.7481,-73.2472,33.02,46,40,2.06,PE,1667767083
328,amberley,39.2048,-84.428,22.87,39,0,5.66,US,1667767083
329,bud,39.447,-86.1758,20.97,39,24,4.97,US,1667766731
330,mogadishu,2.0371,45.3438,25.52,83,42,5.45,SO,1667766896
331,mata,40.683,-7.4592,11.07,95,97,2.01,PT,1667767084
332,almaznyy,48.0448,40.045,-0.21,79,12,2.42,RU,1667767084
333,laguna,38.421,-121.4238,18.36,50,0,6.69,US,1667766769
334,grand-santi,4.25,-54.3833,24.67,95,98,0.13,GF,1667766702
335,makakilo city,21.3469,-158.0858,28.18,61,0,8.23,US,1667767085
336,gaoua,10.2992,-3.2508,28.61,38,78,1.43,BF,1667767085
337,fukue,32.6881,128.8419,15.98,57,2,4.0,JP,1667767086
338,santo antonio do ica,-3.1022,-67.9397,27.56,71,95,0.76,BR,1667767086
339,sept-iles,50.2001,-66.3821,8.29,97,75,3.6,CA,1667767054
340,fairview,40.8126,-73.999,23.59,76,100,4.12,US,1667767087
341,dunedin,-45.8742,170.5036,12.91,64,3,1.69,NZ,1667766367
342,tekirdag,40.978,27.5085,15.64,83,100,2.87,TR,1667766913
343,sisimiut,66.9395,-53.6735,-8.7,84,59,3.75,GL,1667767088
344,coihaique,-45.5752,-72.0662,15.34,49,100,3.61,CL,1667766790
345,sorong,-0.8833,131.25,25.65,86,93,2.19,ID,1667766796
346,nelson bay,-32.7167,152.15,18.33,95,13,4.47,AU,1667767089
347,roebourne,-20.7833,117.1333,19.54,63,33,6.21,AU,1667767043
348,egvekinot,66.3167,-179.1667,-7.94,99,59,0.68,RU,1667767089
349,san rafael,-34.6177,-68.3301,30.89,16,22,7.3,AR,1667767090
350,mahibadhoo,3.7833,72.9667,26.91,80,24,5.31,MV,1667767090
351,kananga,-5.8958,22.4178,19.73,96,54,0.87,CD,1667767090
352,awjilah,29.1081,21.2869,17.93,42,0,3.12,LY,1667767091
353,ust-tsilma,65.441,52.1498,-4.09,94,95,2.41,RU,1667767091
354,leningradskiy,69.3833,178.4167,-8.1,79,4,3.69,RU,1667766667
355,beaverlodge,55.2166,-119.4361,-15.36,82,100,4.4,CA,1667767092
356,constitucion,-35.3333,-72.4167,15.36,71,100,6.83,CL,1667767092
357,guanica,17.9716,-66.908,29.6,84,41,3.6,PR,1667767092
358,faanui,-16.4833,-151.75,25.76,83,100,10.17,PF,1667766640
359,imbituba,-28.24,-48.6703,17.42,80,99,3.34,BR,1667766715
360,ihosy,-22.4,46.1167,19.9,89,100,2.22,MG,1667767093
361,hofn,64.2539,-15.2082,5.03,80,100,8.22,IS,1667766732
362,wonthaggi,-38.6044,145.5913,15.46,77,6,2.53,AU,1667766816
363,mocuba,-16.8392,36.9856,24.75,75,80,1.73,MZ,1667767094
364,vrede,-27.4257,29.1659,14.03,90,85,2.76,ZA,1667767094
365,dolores,-36.3132,-57.6792,20.21,53,6,7.04,AR,1667767094
366,pimentel,-6.8367,-79.9342,22.16,60,0,8.23,PE,1667767095
367,chapais,49.7834,-74.8492,11.88,72,82,6.19,CA,1667766799
368,arteaga,18.4667,-102.4167,26.41,54,17,1.53,MX,1667767024
369,sandy bay,-42.913,147.3532,12.27,93,23,0.45,AU,1667767096
370,ponta delgada,37.7333,-25.6667,18.4,72,20,3.6,PT,1667767096
371,stornoway,58.2093,-6.3865,10.98,80,78,4.12,GB,1667767096
372,bugene,-1.5911,31.1403,14.71,95,51,0.76,TZ,1667767097
373,kantunilkin,21.0917,-87.45,27.37,68,95,2.44,MX,1667767097
374,krasnoselkup,65.7,82.4667,-8.11,96,95,3.09,RU,1667766918
375,aklavik,68.2191,-135.0107,-18.59,86,27,2.74,CA,1667766669
376,ulaangom,49.9811,92.0667,-4.13,90,97,1.2,MN,1667767098
377,nekhayevskiy,50.4106,41.7561,0.29,76,9,1.29,RU,1667767098
378,virginia beach,36.8529,-75.978,27.25,70,75,4.12,US,1667767099
379,talcahuano,-36.7167,-73.1167,15.82,67,0,5.14,CL,1667767099
380,atasu,48.6814,71.6433,-1.66,71,37,1.54,KZ,1667767100
381,shingu,33.7333,135.9833,12.5,67,100,2.08,JP,1667766691
382,batsfjord,70.6345,29.7185,1.88,69,0,2.57,NO,1667767100
383,dubti,11.7361,41.0853,27.95,48,6,6.01,ET,1667767100
384,khor,47.8861,134.9464,-4.91,78,2,2.13,RU,1667767101
385,tuatapere,-46.1333,167.6833,13.93,58,23,3.29,NZ,1667766671
386,nikolayevskaya,47.6139,41.5023,3.91,68,74,2.69,RU,1667767103
387,belaya gora,68.5333,146.4167,-16.37,94,100,5.4,RU,1667766783
388,noormarkku,61.5927,21.8685,8.88,93,100,3.09,FI,1667767103
389,geraldton,-28.7667,114.6,18.23,68,100,5.66,AU,1667767104
390,wodonga,-36.1167,146.8833,14.98,100,100,1.14,AU,1667767104
391,sakakah,29.9697,40.2064,19.76,39,68,4.13,SA,1667766728
392,kapit,2.0167,112.9333,22.68,100,100,0.19,MY,1667767105
393,pangody,65.85,74.4859,-11.16,97,98,1.91,RU,1667767105
394,russell,32.3502,-85.1999,30.6,51,40,0.0,US,1667767105
395,toora-khem,52.4675,96.11,-5.6,90,100,0.7,RU,1667767106
396,pinehurst,35.1954,-79.4695,28.44,65,0,3.09,US,1667766981
397,oktyabrskoye,43.0645,44.7417,2.08,93,98,6.0,RU,1667767106
398,ludza,56.55,27.7167,4.76,92,100,2.79,LV,1667767107
399,chiltepec,18.4847,-96.9019,27.61,76,51,1.99,MX,1667767107
400,pecos,31.4229,-103.4932,28.5,14,0,2.57,US,1667767107
401,isangel,-19.55,169.2667,26.06,89,10,1.54,VU,1667766718
402,mutoko,-17.397,32.2268,19.18,79,91,2.02,ZW,1667767108
403,karratha,-20.7377,116.8463,19.2,66,28,6.92,AU,1667766814
404,katsuura,35.1333,140.3,16.52,58,100,3.35,JP,1667766731
405,mana,5.6592,-53.7767,25.92,88,80,2.87,GF,1667766795
406,shawville,45.6001,-76.4827,17.68,58,100,3.42,CA,1667767109
407,cheremukhovo,60.3484,59.9851,-4.69,93,100,1.54,RU,1667767109
408,sivas,39.7916,37.0019,5.35,52,0,5.14,TR,1667767109
409,antalaha,-14.9003,50.2788,22.44,85,67,0.86,MG,1667767110
410,bardiyah,31.7561,25.0865,21.03,55,30,6.3,LY,1667767110
411,mosquera,4.7059,-74.2302,18.05,63,40,4.63,CO,1667767111
412,springbok,-29.6643,17.8865,18.4,56,100,2.83,ZA,1667767111
413,thayetmyo,19.3167,95.1833,21.11,82,0,1.57,MM,1667767111
414,hadejia,12.4498,10.0444,24.69,17,13,3.25,NG,1667767112
415,yeppoon,-23.1333,150.7333,17.88,72,57,6.16,AU,1667766683
416,necochea,-38.5473,-58.7368,23.94,37,100,6.24,AR,1667766740
417,tiarei,-17.5333,-149.3333,28.01,93,100,9.54,PF,1667767112
418,chapada dos guimaraes,-15.4606,-55.7497,29.81,28,0,1.06,BR,1667767113
419,esperance,-33.8667,121.9,13.91,88,100,6.31,AU,1667766702
420,bodden town,19.2833,-81.25,30.0,61,20,4.63,KY,1667767113
421,ginda,30.6945,78.4932,11.01,46,100,2.62,IN,1667767114
422,singaraja,-8.112,115.0882,26.2,81,100,1.91,ID,1667767114
423,flinders,-34.5833,150.8552,17.25,86,92,3.13,AU,1667767114
424,pangkalanbuun,-2.6833,111.6167,22.66,98,100,1.64,ID,1667767115
425,saint andrews,34.0454,-81.1293,26.99,69,75,1.54,US,1667767115
426,maralal,1.0968,36.698,15.69,80,80,3.77,KE,1667767115
427,great falls,47.5002,-111.3008,-6.34,73,100,3.09,US,1667767116
428,marzuq,14.4,46.4667,18.95,75,0,2.1,YE,1667767116
429,eldorado,-23.7869,-54.2836,22.36,61,40,0.63,BR,1667767116
430,maragogi,-9.0122,-35.2225,24.3,91,87,5.64,BR,1667767117
431,raymond,43.9015,-70.4703,22.51,80,100,5.53,US,1667767117
432,fairbanks,64.8378,-147.7164,-12.88,84,0,0.0,US,1667766680
433,vanimo,-2.6741,141.3028,25.38,87,100,1.38,PG,1667767118
434,anloga,5.7947,0.8973,27.26,80,72,5.48,GH,1667767118
435,baillif,16.0202,-61.7463,26.72,81,100,5.97,GP,1667767118
436,iranshahr,27.2025,60.6848,21.19,40,0,2.06,IR,1667767119
437,charters towers,-20.1,146.2667,21.72,72,9,5.04,AU,1667766999
438,verkhoyansk,67.5447,133.385,-18.9,98,100,2.05,RU,1667767120
439,guantanamo,20.1444,-75.2092,27.76,74,71,1.41,CU,1667767120
440,los cedrales,-25.65,-54.7,29.16,63,10,1.13,PY,1667767120
441,port moresby,-9.4431,147.1797,22.68,100,40,1.54,PG,1667767121
442,naujoji akmene,56.3167,22.9,5.23,87,78,4.37,LT,1667767121
443,saquena,-4.6667,-73.5167,32.02,45,84,2.12,PE,1667767121
444,raga,8.4596,25.678,24.6,41,66,0.91,SS,1667767122
445,kirakira,-10.4544,161.9205,27.94,78,59,1.53,SB,1667766782
446,pizarro,4.9533,-77.366,26.49,76,39,2.27,CO,1667767122
447,sur,22.5667,59.5289,26.6,67,88,3.45,OM,1667766860
448,paita,-5.0892,-81.1144,18.88,79,17,8.12,PE,1667767122
449,muli,2.9167,73.5667,27.02,80,7,5.67,MV,1667767123
450,lagos,6.5833,3.75,28.18,83,100,1.59,NG,1667767123
451,novo aripuana,-5.1206,-60.3797,31.55,49,100,0.95,BR,1667767124
452,serebryansk,49.6925,83.2892,2.77,99,100,1.49,KZ,1667767124
453,boueni,-12.9025,45.0761,23.99,78,0,2.93,YT,1667767124
454,mezen,65.8522,44.24,-2.18,88,100,4.15,RU,1667767125
455,severobaykalsk,55.65,109.3167,-2.63,76,100,1.61,RU,1667767125
456,dinagat,9.9561,125.5933,28.0,76,100,2.48,PH,1667767125
457,nouadhibou,20.931,-17.0347,21.99,68,0,5.14,MR,1667767126
458,santa isabel,-23.3156,-46.2214,17.84,79,85,3.09,BR,1667767126
459,varkaus,62.3153,27.873,5.73,92,99,3.95,FI,1667767126
460,bria,6.5423,21.9863,22.37,62,71,0.96,CF,1667766647
461,douala,4.0483,9.7043,24.92,88,100,1.29,CM,1667767127
462,igarka,67.4667,86.5833,-6.62,97,100,1.63,RU,1667767127
463,caninde,-4.3589,-39.3117,28.06,60,97,0.91,BR,1667767127
464,perigueux,45.1833,0.7167,12.2,97,1,2.05,FR,1667767128
465,hobyo,5.3505,48.5268,26.59,75,11,4.03,SO,1667766688
466,lichuan,30.3,108.85,9.23,92,0,1.06,CN,1667767128
467,sao joao da barra,-21.6403,-41.0511,24.05,69,0,5.24,BR,1667766755
468,ishigaki,24.3448,124.1572,24.07,73,75,7.72,JP,1667767129
469,ustikolina,43.5836,18.79,8.54,98,99,0.49,BA,1667767129
470,charlottesville,38.0293,-78.4767,24.09,93,100,2.57,US,1667767053
471,dyurtyuli,55.4911,54.8688,-2.64,94,84,3.46,RU,1667767130
472,chistogorskiy,53.9835,87.3843,-0.4,70,95,3.3,RU,1667767130
473,malaia,45.35,24.0333,6.64,96,98,0.73,RO,1667767131
474,cockburn town,21.4612,-71.1419,23.98,78,40,5.14,TC,1667766561
475,dumas,35.8656,-101.9732,17.56,31,0,5.66,US,1667767131
476,xining,36.6167,101.7667,2.64,66,98,0.5,CN,1667767132
477,villa bruzual,9.3328,-69.1208,27.25,78,49,1.99,VE,1667767132
478,tatvan,38.5067,42.2817,5.74,60,0,2.73,TR,1667767132
479,newton,42.337,-71.2092,24.62,62,75,7.72,US,1667767133
480,jinxiang,27.4327,120.6062,16.03,82,71,2.51,CN,1667767133
481,kaeo,-35.1,173.7833,17.96,73,82,6.71,NZ,1667767133
482,frontera,26.9333,-101.45,30.18,30,0,2.57,MX,1667767103
483,senno,59.5336,33.9167,-0.41,98,100,2.99,RU,1667767134
484,east foothills,37.3811,-121.8175,17.52,51,75,3.09,US,1667767134
485,ajdabiya,30.7554,20.2263,20.89,64,37,5.98,LY,1667767135
486,belmonte,-15.8631,-38.8828,23.42,69,28,6.05,BR,1667767135
487,piterka,50.6803,47.4454,2.7,71,100,1.81,RU,1667767136
488,marrakesh,31.6315,-8.0083,22.04,40,20,2.06,MA,1667766958
489,norman wells,65.282,-126.8329,-12.98,78,75,8.23,CA,1667766728
490,bealanana,-14.55,48.7333,15.93,94,0,0.7,MG,1667767136
491,rapla,59.0072,24.7928,8.84,93,95,5.21,EE,1667767137
492,port hedland,-20.3167,118.5667,22.03,83,40,5.14,AU,1667767137
493,nago,26.5881,127.9761,22.24,87,96,4.59,JP,1667767137
494,batagay-alyta,67.8006,130.4114,-18.46,95,100,1.46,RU,1667767138
495,bayburt,40.2589,40.2278,4.21,64,16,0.17,TR,1667767138
496,mugur-aksy,50.35,90.5,-8.06,86,35,2.9,RU,1667766683
497,alberton,46.8168,-64.0654,18.95,77,100,8.58,CA,1667767139
498,kapfenberg,47.454,15.2702,6.35,86,60,0.99,AT,1667767139
499,zanjan,36.6736,48.4787,5.13,82,15,3.17,IR,1667767139
500,caravelas,-17.7125,-39.2481,22.63,67,99,4.4,BR,1667766769
501,iquique,-20.2208,-70.1431,18.02,72,17,3.22,CL,1667767140
502,san patricio,28.017,-97.5169,30.92,66,93,4.61,US,1667766677
503,zaanstad,52.4531,4.8125,11.1,95,40,8.75,NL,1667767140
504,sumbe,-11.2061,13.8437,24.94,84,81,3.8,AO,1667767141
505,xapuri,-10.6517,-68.5044,35.77,20,5,0.48,BR,1667767141
506,detchino,54.8092,36.3075,1.25,83,100,4.42,RU,1667767141
507,kayerkan,69.3497,87.7602,-5.75,95,100,3.79,RU,1667767142
508,dosso,13.049,3.1937,25.5,15,0,3.36,NE,1667767142
509,takaungu,-3.6837,39.8566,24.61,88,7,2.52,KE,1667767143
510,balkanabat,39.5108,54.3671,8.32,66,86,5.25,TM,1667767143
511,buhoci,46.5667,27.0167,13.14,77,75,4.12,RO,1667767143
512,mitsamiouli,-11.3847,43.2844,25.14,83,1,6.02,KM,1667767144
513,abnub,27.2696,31.1511,18.12,34,1,2.75,EG,1667767144
514,shitanjing,39.2342,106.3439,2.2,42,0,2.2,CN,1667767144
515,san luis,-33.295,-66.3356,30.24,16,29,6.02,AR,1667767074
516,singarayakonda,15.25,80.0333,24.17,73,100,2.56,IN,1667767145
